-3.573459999999999970e-01,2.293959999999999888e-01,0.000000000000000000e+00
1.198870000000000102e+00,-7.755489999999999606e-02,0.000000000000000000e+00
-6.318780000000000507e-01,8.401640000000000497e-02,0.000000000000000000e+00
-4.490169999999999995e-01,1.416330000000000089e-01,0.000000000000000000e+00
1.147389999999999910e+00,-6.631349999999999745e-02,0.000000000000000000e+00
5.135150000000000547e-01,3.397239999999999982e-02,0.000000000000000000e+00
-9.865040000000000475e-01,-4.815250000000000086e-02,0.000000000000000000e+00
-1.975700000000000012e+00,3.902739999999999682e-02,0.000000000000000000e+00
-2.018260000000000165e+00,1.284210000000000074e-01,0.000000000000000000e+00
-6.765970000000000317e-02,9.205879999999999619e-02,0.000000000000000000e+00
9.967340000000000089e-01,8.696210000000000051e-02,0.000000000000000000e+00
-3.806370000000000031e-01,-1.136550000000000060e-01,0.000000000000000000e+00
9.104139999999999455e-01,-9.515529999999999822e-02,0.000000000000000000e+00
-4.621709999999999985e-01,8.062890000000000335e-02,0.000000000000000000e+00
5.510759999999999964e-02,-3.577169999999999656e-02,0.000000000000000000e+00
7.277979999999999450e-01,1.039979999999999932e-01,0.000000000000000000e+00
6.077280000000000459e-01,-6.740219999999999545e-02,0.000000000000000000e+00
9.614690000000000181e-01,2.709879999999999928e-02,0.000000000000000000e+00
5.042209999999999748e-02,-9.895750000000000379e-02,0.000000000000000000e+00
-3.955199999999999688e-02,-7.011149999999999327e-02,0.000000000000000000e+00
2.047829999999999928e-01,-7.333190000000000541e-02,0.000000000000000000e+00
-2.484649999999999914e-01,-1.289089999999999958e-01,0.000000000000000000e+00
1.487539999999999973e-01,1.397190000000000099e-01,0.000000000000000000e+00
1.721360000000000001e+00,1.532250000000000001e-01,0.000000000000000000e+00
-8.773900000000000032e-01,-2.324460000000000137e-01,0.000000000000000000e+00
1.360389999999999988e+00,-1.145329999999999959e-01,0.000000000000000000e+00
6.150520000000000431e-01,-3.889639999999999764e-02,0.000000000000000000e+00
9.650150000000000394e-02,-1.281849999999999934e-01,0.000000000000000000e+00
-2.777080000000000104e-01,9.995049999999999768e-02,0.000000000000000000e+00
-4.291329999999999867e-01,-1.859490000000000047e-05,0.000000000000000000e+00
-3.320279999999999898e-01,-5.160900000000000210e-02,0.000000000000000000e+00
1.053730000000000055e+00,-9.045830000000000537e-02,0.000000000000000000e+00
2.357299999999999951e+00,8.996909999999999630e-02,0.000000000000000000e+00
7.994090000000000362e-01,-1.057349999999999957e-02,0.000000000000000000e+00
1.368559999999999999e+00,9.784479999999999913e-03,0.000000000000000000e+00
-1.344609999999999972e-01,4.031180000000000180e-02,0.000000000000000000e+00
-3.253480000000000261e-01,7.464590000000000114e-02,0.000000000000000000e+00
6.792040000000000299e-01,1.363459999999999950e-01,0.000000000000000000e+00
-6.256249999999999867e-01,-1.468039999999999901e-01,0.000000000000000000e+00
2.138479999999999936e+00,-1.133450000000000013e-01,0.000000000000000000e+00
-5.058049999999999491e-01,-1.255209999999999937e-01,0.000000000000000000e+00
-1.679999999999999938e+00,-5.237529999999999963e-02,0.000000000000000000e+00
1.009509999999999907e+00,-2.698400000000000104e-02,0.000000000000000000e+00
2.266519999999999868e+00,3.676460000000000145e-02,0.000000000000000000e+00
-1.076489999999999947e+00,8.562939999999999441e-02,0.000000000000000000e+00
-2.330810000000000048e+00,-1.062579999999999948e-02,0.000000000000000000e+00
-9.364400000000000501e-01,-9.472070000000000489e-02,0.000000000000000000e+00
2.695870000000000211e-01,3.367880000000000179e-02,0.000000000000000000e+00
-7.128750000000000364e-01,-1.360929999999999918e-01,0.000000000000000000e+00
5.179850000000000287e-01,-7.679869999999999752e-02,0.000000000000000000e+00
-7.085730000000000084e-01,-1.127480000000000010e-01,0.000000000000000000e+00
-7.592430000000000012e-01,-8.254740000000000688e-02,0.000000000000000000e+00
1.624200000000000088e+00,6.381059999999999510e-02,0.000000000000000000e+00
-1.565399999999999903e+00,1.058739999999999959e-01,0.000000000000000000e+00
-1.952190000000000092e+00,3.013370000000000215e-01,0.000000000000000000e+00
-7.369860000000000300e-01,-6.312070000000000354e-03,0.000000000000000000e+00
-1.092000000000000054e-01,-2.901360000000000050e-02,0.000000000000000000e+00
-4.710429999999999895e-01,1.299630000000000056e-02,0.000000000000000000e+00
-7.369059999999999500e-02,-8.796080000000000565e-02,0.000000000000000000e+00
3.173540000000000250e-01,-5.508509999999999796e-02,0.000000000000000000e+00
-1.149880000000000013e+00,-5.376890000000000142e-02,0.000000000000000000e+00
1.612800000000000011e+00,1.806599999999999873e-02,0.000000000000000000e+00
9.452500000000000346e-01,2.443719999999999920e-02,0.000000000000000000e+00
-1.104819999999999913e+00,-4.168279999999999902e-02,0.000000000000000000e+00
-1.702500000000000124e-01,-5.671840000000000215e-02,0.000000000000000000e+00
1.031919999999999948e+00,-1.558809999999999918e-01,0.000000000000000000e+00
2.256120000000000070e-01,1.665999999999999981e-01,0.000000000000000000e+00
3.518419999999999881e-01,3.147649999999999754e-02,0.000000000000000000e+00
-1.610179999999999945e-01,-8.160290000000000599e-02,0.000000000000000000e+00
9.529490000000000460e-01,-2.976130000000000095e-02,0.000000000000000000e+00
-6.872200000000000530e-01,1.275699999999999890e-01,0.000000000000000000e+00
-6.745529999999999582e-01,2.966620000000000021e-02,0.000000000000000000e+00
1.845890000000000031e+00,1.240730000000000027e-01,0.000000000000000000e+00
-2.767459999999999809e+00,1.506170000000000078e-02,0.000000000000000000e+00
-7.250290000000000346e-01,9.068660000000000609e-02,0.000000000000000000e+00
-9.458769999999999678e-01,-8.724540000000000073e-02,0.000000000000000000e+00
8.137760000000000549e-01,-4.670490000000000058e-02,0.000000000000000000e+00
-1.032170000000000032e+00,-5.323100000000000054e-02,0.000000000000000000e+00
1.049739999999999895e+00,-2.844309999999999894e-01,0.000000000000000000e+00
-5.604639999999999622e-01,5.277690000000000159e-02,0.000000000000000000e+00
-9.382559999999999512e-02,-1.602100000000000052e-02,0.000000000000000000e+00
-7.458860000000000490e-01,-1.557109999999999883e-01,0.000000000000000000e+00
1.004089999999999927e+00,-2.287020000000000025e-02,0.000000000000000000e+00
2.718019999999999881e-01,-3.385899999999999847e-03,0.000000000000000000e+00
-1.111949999999999994e+00,3.197099999999999942e-02,0.000000000000000000e+00
8.843370000000000397e-01,-8.315459999999999519e-02,0.000000000000000000e+00
1.521280000000000132e-01,-8.664560000000000317e-02,0.000000000000000000e+00
6.651709999999999567e-01,-6.258890000000000287e-02,0.000000000000000000e+00
1.679650000000000087e+00,1.374750000000000139e-01,0.000000000000000000e+00
-2.485489999999999922e-01,-5.545119999999999910e-02,0.000000000000000000e+00
-1.553919999999999968e+00,-8.256270000000000275e-02,0.000000000000000000e+00
8.059290000000000065e-01,-9.931340000000000307e-03,0.000000000000000000e+00
1.296310000000000073e+00,-1.674390000000000045e-01,0.000000000000000000e+00
4.025259999999999949e-01,-1.407540000000000006e-02,0.000000000000000000e+00
-3.164210000000000078e-01,-1.695450000000000039e-03,0.000000000000000000e+00
1.418020000000000058e+00,4.174279999999999657e-02,0.000000000000000000e+00
1.170409999999999950e+00,1.021350000000000036e-02,0.000000000000000000e+00
1.375420000000000087e+00,-1.342700000000000005e-01,0.000000000000000000e+00
-5.035230000000000539e-01,-1.733260000000000078e-01,0.000000000000000000e+00
5.740929999999999644e-01,-1.245060000000000056e-01,0.000000000000000000e+00
4.204260000000000219e-01,7.475579999999999725e-02,0.000000000000000000e+00
1.543120000000000047e-01,1.812300000000000022e-02,0.000000000000000000e+00
-4.338980000000000059e-01,7.867549999999999544e-02,0.000000000000000000e+00
3.638060000000000183e-01,8.925080000000000513e-02,0.000000000000000000e+00
-3.471719999999999806e-01,-1.228999999999999954e-01,0.000000000000000000e+00
-9.892599999999999658e-03,1.863019999999999954e-02,0.000000000000000000e+00
-7.088489999999999513e-01,6.239100000000000201e-02,0.000000000000000000e+00
-6.857170000000000210e-01,-1.685120000000000021e-02,0.000000000000000000e+00
-6.125469999999999526e-01,-9.973659999999999470e-02,0.000000000000000000e+00
4.485240000000000060e-02,4.457780000000000076e-02,0.000000000000000000e+00
-9.910769999999999857e-01,2.762349999999999875e-02,0.000000000000000000e+00
-2.641530000000000267e-01,1.682269999999999877e-01,0.000000000000000000e+00
3.438229999999999897e-01,-5.476790000000000130e-02,0.000000000000000000e+00
1.191669999999999952e-01,-2.181380000000000124e-02,0.000000000000000000e+00
1.582799999999999985e+00,1.984079999999999872e-02,0.000000000000000000e+00
2.073739999999999917e+00,1.062420000000000031e-01,0.000000000000000000e+00
-1.008779999999999955e-01,-1.956150000000000111e-01,0.000000000000000000e+00
-9.871419999999999639e-01,4.422999999999999848e-02,0.000000000000000000e+00
1.013980000000000103e+00,2.326809999999999989e-01,0.000000000000000000e+00
1.161960000000000104e+00,1.443679999999999963e-01,0.000000000000000000e+00
1.123250000000000082e+00,2.446769999999999848e-02,0.000000000000000000e+00
7.047309999999999963e-01,-1.268219999999999903e-01,0.000000000000000000e+00
-1.801099999999999923e+00,1.495630000000000015e-01,0.000000000000000000e+00
4.845329999999999776e-02,-3.461709999999999896e-04,0.000000000000000000e+00
1.112370000000000081e+00,1.056190000000000045e-01,0.000000000000000000e+00
1.426230000000000109e+00,1.613439999999999874e-01,0.000000000000000000e+00
-1.891809999999999992e+00,-7.898059999999999803e-02,0.000000000000000000e+00
9.755819999999999492e-01,4.341799999999999826e-02,0.000000000000000000e+00
9.348729999999999540e-01,5.796269999999999895e-02,0.000000000000000000e+00
-1.138490000000000002e+00,-4.534930000000000211e-02,0.000000000000000000e+00
1.052829999999999933e+00,-8.709939999999999349e-02,0.000000000000000000e+00
-7.263490000000000224e-01,-2.963600000000000123e-01,0.000000000000000000e+00
-7.401410000000000489e-01,-1.658609999999999945e-02,0.000000000000000000e+00
2.626850000000000018e-01,4.373989999999999823e-02,0.000000000000000000e+00
1.940120000000000067e+00,-1.008379999999999971e-01,0.000000000000000000e+00
1.325790000000000024e+00,-5.792939999999999895e-02,0.000000000000000000e+00
5.411770000000000191e-01,-2.543929999999999803e-01,0.000000000000000000e+00
-6.109609999999999763e-01,-4.227600000000000108e-02,0.000000000000000000e+00
3.849009999999999931e-01,1.045969999999999955e-01,0.000000000000000000e+00
1.300389999999999935e+00,-5.949020000000000002e-02,0.000000000000000000e+00
-9.886880000000000113e-01,9.620750000000000135e-02,0.000000000000000000e+00
-5.562410000000000271e-02,2.843259999999999885e-02,0.000000000000000000e+00
4.430430000000000201e-01,6.432750000000000100e-03,0.000000000000000000e+00
-1.101710000000000050e-01,-3.090760000000000122e-03,0.000000000000000000e+00
-2.599839999999999929e-01,1.323090000000000099e-01,0.000000000000000000e+00
4.201459999999999917e-02,-6.267880000000000673e-02,0.000000000000000000e+00
5.312259999999999760e-01,3.252510000000000123e-02,0.000000000000000000e+00
3.597469999999999835e-01,-9.557269999999999655e-02,0.000000000000000000e+00
-2.012469999999999981e+00,5.134569999999999759e-03,0.000000000000000000e+00
7.190180000000000460e-01,-2.878319999999999768e-01,0.000000000000000000e+00
-2.006590000000000040e-01,-4.472770000000000218e-02,0.000000000000000000e+00
-1.260990000000000055e+00,-7.041799999999999449e-02,0.000000000000000000e+00
1.647270000000000012e+00,4.016569999999999863e-02,0.000000000000000000e+00
6.592270000000000074e-01,1.955509999999999887e-02,0.000000000000000000e+00
2.278789999999999871e+00,-2.484569999999999834e-02,0.000000000000000000e+00
-8.922050000000000258e-01,-1.944609999999999950e-01,0.000000000000000000e+00
1.306110000000000104e+00,1.358350000000000113e-01,0.000000000000000000e+00
5.990329999999999960e-02,1.642889999999999906e-01,0.000000000000000000e+00
-8.285479999999999512e-01,-1.605499999999999983e-01,0.000000000000000000e+00
-1.553700000000000081e+00,-9.730120000000000435e-02,0.000000000000000000e+00
-1.459480000000000111e+00,-9.321319999999999606e-02,0.000000000000000000e+00
-9.340990000000000404e-02,-1.382240000000000135e-01,0.000000000000000000e+00
-2.149490000000000012e-01,1.982340000000000144e-02,0.000000000000000000e+00
-1.342589999999999950e+00,1.513990000000000058e-01,0.000000000000000000e+00
1.334870000000000001e+00,-1.280890000000000084e-01,0.000000000000000000e+00
1.932260000000000089e+00,7.335450000000000303e-02,0.000000000000000000e+00
-1.077759999999999968e-01,1.596540000000000112e-02,0.000000000000000000e+00
9.895959999999999479e-02,-8.896179999999999366e-02,0.000000000000000000e+00
-3.477829999999999810e-02,8.315960000000000019e-02,0.000000000000000000e+00
6.012939999999999952e-01,-6.215099999999999791e-02,0.000000000000000000e+00
8.353890000000000482e-01,-1.173799999999999982e-01,0.000000000000000000e+00
2.367669999999999941e+00,6.216819999999999985e-02,0.000000000000000000e+00
2.006889999999999841e+00,1.066269999999999996e-01,0.000000000000000000e+00
-1.142229999999999981e-02,2.564769999999999897e-02,0.000000000000000000e+00
8.391830000000000123e-01,6.248929999999999763e-02,0.000000000000000000e+00
3.794549999999999867e-01,4.334040000000000115e-02,0.000000000000000000e+00
-1.324719999999999898e+00,-2.879150000000000112e-02,0.000000000000000000e+00
5.939210000000000322e-01,2.221439999999999873e-02,0.000000000000000000e+00
-7.389470000000000205e-01,4.285030000000000089e-02,0.000000000000000000e+00
-3.768830000000000235e-01,-2.264069999999999971e-01,0.000000000000000000e+00
-1.139850000000000030e+00,8.497080000000000605e-03,0.000000000000000000e+00
1.171470000000000011e+00,-1.475470000000000115e-01,0.000000000000000000e+00
9.882530000000000481e-01,-4.415499999999999980e-02,0.000000000000000000e+00
-5.228050000000000058e-02,1.286120000000000041e-01,0.000000000000000000e+00
4.692950000000000177e-01,-1.164459999999999940e-01,0.000000000000000000e+00
3.841450000000000142e-01,1.826849999999999863e-01,0.000000000000000000e+00
-7.802130000000000454e-01,1.245040000000000036e-01,0.000000000000000000e+00
1.057830000000000048e+00,-4.984159999999999979e-02,0.000000000000000000e+00
-7.659299999999999997e-01,-4.169799999999999895e-02,0.000000000000000000e+00
-2.881790000000000185e-01,1.311650000000000038e-01,0.000000000000000000e+00
9.854140000000000121e-01,1.651259999999999950e-01,0.000000000000000000e+00
7.087459999999999594e-02,-9.191159999999999608e-02,0.000000000000000000e+00
1.952299999999999869e-01,6.112030000000000241e-02,0.000000000000000000e+00
1.558650000000000091e+00,-8.336090000000000166e-02,0.000000000000000000e+00
9.405909999999999549e-01,1.195739999999999997e-01,0.000000000000000000e+00
2.785280000000000200e+00,-3.652009999999999978e-02,0.000000000000000000e+00
5.991720000000000379e-01,-1.355339999999999878e-01,0.000000000000000000e+00
3.888300000000000090e-01,4.693309999999999843e-02,0.000000000000000000e+00
-6.901610000000000245e-01,-1.474660000000000137e-01,0.000000000000000000e+00
1.817420000000000035e+00,-7.956920000000000659e-02,0.000000000000000000e+00
-7.706419999999999937e-02,-4.874690000000000273e-02,0.000000000000000000e+00
5.353510000000000213e-01,1.164800000000000002e-01,0.000000000000000000e+00
-1.151890000000000081e+00,1.897789999999999894e-02,0.000000000000000000e+00
-6.307849999999999568e-02,7.299079999999999457e-02,0.000000000000000000e+00
-4.857650000000000023e-01,5.320380000000000248e-02,0.000000000000000000e+00
-4.252009999999999956e-01,7.856879999999999420e-02,0.000000000000000000e+00
-9.768639999999999546e-01,-8.981550000000000644e-02,0.000000000000000000e+00
-7.727650000000000352e-01,-1.830650000000000055e-01,0.000000000000000000e+00
2.686259999999999759e-01,2.281459999999999877e-01,0.000000000000000000e+00
-3.216720000000000135e-01,2.614830000000000210e-01,0.000000000000000000e+00
3.914030000000000287e-02,3.256490000000000122e-04,0.000000000000000000e+00
1.338129999999999875e-01,1.229270000000000015e-02,0.000000000000000000e+00
5.954340000000000188e-01,-1.115469999999999934e-01,0.000000000000000000e+00
2.184780000000000055e-01,6.673729999999999940e-02,0.000000000000000000e+00
2.309309999999999974e-01,1.580600000000000060e-02,0.000000000000000000e+00
7.788829999999999920e-01,9.395489999999999398e-02,0.000000000000000000e+00
1.096219999999999972e+00,-5.209219999999999823e-02,0.000000000000000000e+00
1.118479999999999919e+00,-4.684270000000000100e-02,0.000000000000000000e+00
1.272739999999999982e+00,-7.793880000000000252e-02,0.000000000000000000e+00
-2.674420000000000130e-01,-4.918209999999999943e-02,0.000000000000000000e+00
-1.599660000000000082e+00,2.821589999999999862e-02,0.000000000000000000e+00
7.784609999999999586e-01,1.663020000000000123e-02,0.000000000000000000e+00
6.056369999999999809e-01,2.568590000000000040e-01,0.000000000000000000e+00
1.399329999999999963e+00,1.601140000000000063e-01,0.000000000000000000e+00
6.112940000000000040e-01,-4.775080000000000297e-02,0.000000000000000000e+00
4.036429999999999740e-01,-7.493790000000000173e-02,0.000000000000000000e+00
-8.358449999999999491e-01,-2.131960000000000105e-02,0.000000000000000000e+00
-1.220280000000000031e+00,-2.927309999999999982e-02,0.000000000000000000e+00
6.377819999999999601e-01,-1.196239999999999942e-01,0.000000000000000000e+00
-8.183850000000000291e-01,5.992449999999999860e-02,0.000000000000000000e+00
6.031229999999999647e-01,1.948159999999999892e-01,0.000000000000000000e+00
3.544359999999999733e-01,-7.958510000000000584e-02,0.000000000000000000e+00
-5.247829999999999995e-01,-7.959489999999999621e-03,0.000000000000000000e+00
-2.718900000000000206e-01,1.051559999999999995e-01,0.000000000000000000e+00
-1.153030000000000027e-01,-1.388399999999999912e-01,0.000000000000000000e+00
-1.337790000000000035e+00,-5.275330000000000297e-02,0.000000000000000000e+00
4.093890000000000029e-01,2.615790000000000129e-02,0.000000000000000000e+00
-4.628039999999999932e-01,-8.301119999999999333e-02,0.000000000000000000e+00
1.476399999999999935e+00,2.789569999999999897e-02,0.000000000000000000e+00
1.366389999999999993e+00,3.485100000000000090e-03,0.000000000000000000e+00
9.968339999999999979e-01,-7.908530000000000421e-03,0.000000000000000000e+00
7.915750000000000286e-01,8.898330000000000128e-02,0.000000000000000000e+00
1.622819999999999929e+00,-8.077900000000000358e-02,0.000000000000000000e+00
1.066969999999999974e+00,2.386930000000000215e-03,0.000000000000000000e+00
6.978959999999999608e-01,1.481149999999999967e-01,0.000000000000000000e+00
7.743489999999999540e-01,-3.808190000000000186e-02,0.000000000000000000e+00
1.751870000000000038e+00,1.616860000000000172e-02,0.000000000000000000e+00
-9.275539999999999896e-01,-9.961230000000000084e-02,0.000000000000000000e+00
1.087620000000000031e+00,1.016660000000000064e-01,0.000000000000000000e+00
2.711910000000000154e-01,1.171920000000000045e-01,0.000000000000000000e+00
2.447420000000000064e-03,-1.026769999999999940e-02,0.000000000000000000e+00
-4.905950000000000033e-01,-1.368389999999999884e-01,0.000000000000000000e+00
-1.070859999999999923e+00,-6.423750000000000293e-02,0.000000000000000000e+00
7.697540000000000493e-01,2.523020000000000124e-02,0.000000000000000000e+00
3.496199999999999863e-01,3.166920000000000152e-02,0.000000000000000000e+00
4.675849999999999729e-01,1.838569999999999927e-01,0.000000000000000000e+00
1.636509999999999909e+00,1.189039999999999932e-03,0.000000000000000000e+00
1.318859999999999921e+00,-1.027499999999999941e-01,0.000000000000000000e+00
1.052859999999999907e+00,-2.337240000000000151e-02,0.000000000000000000e+00
9.017150000000000443e-01,-6.806460000000000288e-02,0.000000000000000000e+00
8.590799999999999548e-01,-3.410849999999999993e-02,0.000000000000000000e+00
5.822300000000000253e-01,9.128780000000000228e-02,0.000000000000000000e+00
-8.854520000000000168e-01,-2.156939999999999968e-01,0.000000000000000000e+00
1.080510000000000081e+00,7.724749999999999672e-02,0.000000000000000000e+00
-1.705410000000000093e+00,1.007569999999999993e-01,0.000000000000000000e+00
2.276310000000000056e+00,1.943590000000000040e-01,0.000000000000000000e+00
-6.305220000000000269e-01,1.043690000000000034e-01,0.000000000000000000e+00
-1.840549999999999964e-01,-1.117490000000000011e-01,0.000000000000000000e+00
-1.207319999999999949e+00,-1.102760000000000025e-02,0.000000000000000000e+00
-4.637660000000000116e-01,-4.855799999999999700e-02,0.000000000000000000e+00
1.877070000000000127e-01,-2.853249999999999884e-02,0.000000000000000000e+00
-1.337749999999999995e+00,-1.015960000000000057e-01,0.000000000000000000e+00
1.660109999999999975e+00,1.623260000000000067e-03,0.000000000000000000e+00
-8.612090000000000023e-01,-8.494319999999999649e-02,0.000000000000000000e+00
9.241869999999999807e-01,5.637510000000000307e-04,0.000000000000000000e+00
-4.796129999999999838e-02,-6.932699999999999974e-02,0.000000000000000000e+00
-1.979600000000000026e+00,-2.047469999999999846e-02,0.000000000000000000e+00
-1.868509999999999893e-01,-2.447819999999999857e-02,0.000000000000000000e+00
7.351529999999999454e-01,1.456590000000000107e-01,0.000000000000000000e+00
-9.410460000000000491e-01,7.058359999999999634e-02,0.000000000000000000e+00
3.249569999999999959e-01,7.505420000000000147e-02,0.000000000000000000e+00
-2.405160000000000076e-01,-1.612430000000000113e-02,0.000000000000000000e+00
-5.326170000000000071e-01,-1.354889999999999983e-01,0.000000000000000000e+00
-1.218739999999999934e+00,3.372499999999999803e-02,0.000000000000000000e+00
8.731239999999999835e-02,-1.472829999999999973e-01,0.000000000000000000e+00
-1.174620000000000004e-02,2.518029999999999990e-01,0.000000000000000000e+00
-4.074369999999999936e-01,-2.799289999999999851e-03,0.000000000000000000e+00
-2.114830000000000043e-01,-2.123689999999999953e-02,0.000000000000000000e+00
-1.237749999999999906e+00,-2.456419999999999992e-01,0.000000000000000000e+00
-1.726930000000000076e+00,1.382970000000000033e-02,0.000000000000000000e+00
6.897600000000000398e-01,-1.040819999999999940e-01,0.000000000000000000e+00
4.090570000000000039e-01,-2.512189999999999909e-02,0.000000000000000000e+00
-1.397960000000000091e+00,1.754460000000000004e-03,0.000000000000000000e+00
-4.503079999999999861e-01,2.630029999999999868e-02,0.000000000000000000e+00
3.882860000000000200e-01,-7.063139999999999870e-03,0.000000000000000000e+00
-1.596079999999999943e+00,2.049650000000000083e-01,0.000000000000000000e+00
9.318539999999999601e-01,-1.372639999999999971e-01,0.000000000000000000e+00
2.093399999999999983e-01,-4.358739999999999837e-03,0.000000000000000000e+00
1.381360000000000088e-01,-5.546100000000000335e-02,0.000000000000000000e+00
6.612470000000000292e-01,-1.206580000000000014e-01,0.000000000000000000e+00
1.624020000000000019e+00,-3.498840000000000283e-02,0.000000000000000000e+00
1.421910000000000007e+00,-1.388900000000000134e-01,0.000000000000000000e+00
-7.368220000000000325e-02,-2.152040000000000064e-01,0.000000000000000000e+00
9.490220000000000322e-01,-7.849799999999999833e-02,0.000000000000000000e+00
3.374929999999999874e-01,-1.689140000000000086e-02,0.000000000000000000e+00
-1.210080000000000044e+00,-1.985599999999999865e-02,0.000000000000000000e+00
7.517759999999999998e-01,-2.174270000000000092e-01,0.000000000000000000e+00
5.398319999999999785e-01,1.379569999999999963e-01,0.000000000000000000e+00
-1.066990000000000105e+00,1.885670000000000124e-01,0.000000000000000000e+00
1.473279999999999923e+00,1.602540000000000076e-01,0.000000000000000000e+00
-6.244659999999999656e-01,1.998650000000000079e-02,0.000000000000000000e+00
2.596400000000000041e+00,2.296980000000000133e-01,0.000000000000000000e+00
2.809959999999999791e+00,-7.458760000000000043e-03,0.000000000000000000e+00
1.743030000000000135e-01,1.610880000000000090e-01,0.000000000000000000e+00
1.970960000000000045e+00,-2.160259999999999958e-01,0.000000000000000000e+00
2.794869999999999854e-01,-1.990119999999999945e-01,0.000000000000000000e+00
1.081879999999999953e+00,-9.623969999999999747e-02,0.000000000000000000e+00
4.772339999999999915e-01,5.256969999999999699e-02,0.000000000000000000e+00
-7.731289999999999552e-01,-8.738289999999999946e-02,0.000000000000000000e+00
1.184870000000000090e+00,-1.374769999999999881e-01,0.000000000000000000e+00
-1.895170000000000021e+00,-1.044709999999999944e-01,0.000000000000000000e+00
-4.353130000000000055e-01,-5.208109999999999823e-02,0.000000000000000000e+00
-1.927059999999999995e+00,4.065690000000000276e-02,0.000000000000000000e+00
1.335620000000000029e+00,4.098290000000000266e-02,0.000000000000000000e+00
-8.047039999999999749e-01,-5.754770000000000024e-02,0.000000000000000000e+00
9.556130000000000457e-01,-2.309949999999999851e-03,0.000000000000000000e+00
1.438299999999999912e+00,2.196479999999999960e-02,0.000000000000000000e+00
2.287949999999999984e-01,8.579649999999999777e-02,0.000000000000000000e+00
-1.500750000000000028e+00,-3.801039999999999974e-02,0.000000000000000000e+00
-3.853329999999999811e-01,1.967530000000000112e-01,0.000000000000000000e+00
8.221779999999999644e-01,-8.255490000000000050e-02,0.000000000000000000e+00
-1.173199999999999937e-01,7.238039999999999752e-02,0.000000000000000000e+00
-1.524999999999999967e-01,-4.538310000000000261e-02,0.000000000000000000e+00
-4.371639999999999970e-01,5.034410000000000274e-02,0.000000000000000000e+00
-5.875989999999999824e-01,-1.477539999999999965e-01,0.000000000000000000e+00
-6.350450000000000539e-02,-7.323920000000000430e-02,0.000000000000000000e+00
6.501249999999999529e-01,2.258200000000000138e-02,0.000000000000000000e+00
-6.296049999999999702e-01,-3.789639999999999675e-02,0.000000000000000000e+00
-1.671869999999999967e+00,3.587159999999999654e-02,0.000000000000000000e+00
6.853540000000000187e-01,2.785400000000000029e-02,0.000000000000000000e+00
1.890610000000000068e-01,-3.400140000000000107e-02,0.000000000000000000e+00
7.675239999999999840e-01,3.339990000000000320e-02,0.000000000000000000e+00
7.897939999999999960e-01,-1.096290000000000042e-01,0.000000000000000000e+00
1.415040000000000076e+00,6.348189999999999389e-02,0.000000000000000000e+00
2.948569999999999802e-01,2.259720000000000131e-02,0.000000000000000000e+00
8.836119999999999530e-01,-1.583730000000000138e-01,0.000000000000000000e+00
7.667359999999999731e-01,7.713949999999999974e-02,0.000000000000000000e+00
6.441850000000000354e-02,2.990229999999999971e-02,0.000000000000000000e+00
3.099100000000000188e-01,-2.160219999999999918e-01,0.000000000000000000e+00
-1.132239999999999913e+00,-1.089190000000000019e-01,0.000000000000000000e+00
-2.703200000000000047e-01,-9.639019999999999533e-02,0.000000000000000000e+00
7.561189999999999856e-01,-1.145719999999999933e-01,0.000000000000000000e+00
1.040569999999999995e+00,-1.336960000000000093e-01,0.000000000000000000e+00
5.452759999999999829e-01,6.818340000000000511e-02,0.000000000000000000e+00
-1.565690000000000026e+00,-9.718209999999999349e-02,0.000000000000000000e+00
-1.320140000000000091e+00,4.067649999999999738e-02,0.000000000000000000e+00
1.779959999999999987e+00,-4.909360000000000113e-02,0.000000000000000000e+00
1.859059999999999935e+00,-6.428259999999999530e-02,0.000000000000000000e+00
-8.285209999999999519e-01,-8.568370000000000153e-02,0.000000000000000000e+00
-5.358070000000000332e-01,-6.273900000000000310e-02,0.000000000000000000e+00
-9.236479999999999690e-02,-1.570049999999999918e-02,0.000000000000000000e+00
-5.674770000000000092e-01,2.031640000000000112e-01,0.000000000000000000e+00
7.759730000000000238e-01,-1.148949999999999971e-01,0.000000000000000000e+00
3.335110000000000019e-01,-1.498750000000000082e-01,0.000000000000000000e+00
-4.060540000000000260e-01,-1.135039999999999938e-01,0.000000000000000000e+00
1.539719999999999978e-01,-1.198800000000000004e-01,0.000000000000000000e+00
-1.510939999999999950e+00,6.302399999999999669e-03,0.000000000000000000e+00
1.769770000000000065e+00,-8.827740000000000586e-02,0.000000000000000000e+00
2.853720000000000145e-01,-1.373080000000000134e-01,0.000000000000000000e+00
7.288780000000000259e-01,-1.694269999999999943e-01,0.000000000000000000e+00
9.121340000000000003e-01,-9.089360000000000495e-02,0.000000000000000000e+00
-1.666159999999999863e-01,-4.429509999999999698e-02,0.000000000000000000e+00
1.917829999999999882e-02,-2.391110000000000110e-02,0.000000000000000000e+00
-5.138179999999999970e-01,-9.885700000000000043e-02,0.000000000000000000e+00
2.286670000000000091e-01,3.517460000000000031e-02,0.000000000000000000e+00
1.579409999999999981e+00,5.691559999999999675e-02,0.000000000000000000e+00
-1.275239999999999929e+00,-8.647100000000000619e-02,0.000000000000000000e+00
-1.237689999999999957e+00,-3.004079999999999945e-02,0.000000000000000000e+00
5.538880000000000470e-01,2.466180000000000039e-01,0.000000000000000000e+00
-5.768809999999999910e-02,-2.074860000000000038e-01,0.000000000000000000e+00
7.569770000000000665e-02,5.877799999999999692e-02,0.000000000000000000e+00
-1.158139999999999947e+00,6.601410000000000611e-02,0.000000000000000000e+00
-2.049509999999999943e-01,2.577639999999999966e-03,0.000000000000000000e+00
2.890190000000000259e-01,-1.119919999999999943e-01,0.000000000000000000e+00
-2.635979999999999990e+00,-6.078850000000000225e-02,0.000000000000000000e+00
7.751230000000000064e-01,-6.130619999999999820e-02,0.000000000000000000e+00
-7.087379999999999791e-01,1.655969999999999942e-01,0.000000000000000000e+00
4.966519999999999824e-01,-1.903579999999999994e-01,0.000000000000000000e+00
1.096510000000000096e+00,7.596909999999999774e-02,0.000000000000000000e+00
1.248609999999999998e+00,1.176470000000000016e-01,0.000000000000000000e+00
6.823179999999999801e-01,-1.159310000000000063e-01,0.000000000000000000e+00
-1.969789999999999874e-01,-1.641110000000000138e-02,0.000000000000000000e+00
-1.422460000000000058e+00,-8.904080000000000328e-02,0.000000000000000000e+00
-1.245800000000000018e+00,3.940110000000000140e-02,0.000000000000000000e+00
1.657089999999999952e-01,1.435500000000000109e-01,0.000000000000000000e+00
1.667569999999999886e-01,-1.698999999999999955e-01,0.000000000000000000e+00
1.211840000000000028e+00,1.774320000000000064e-01,0.000000000000000000e+00
2.474029999999999979e-02,-1.567040000000000100e-01,0.000000000000000000e+00
-9.891990000000000505e-01,-1.170370000000000021e-01,0.000000000000000000e+00
-1.087099999999999955e+00,1.456550000000000067e-01,0.000000000000000000e+00
-1.385189999999999921e+00,4.757720000000000005e-02,0.000000000000000000e+00
9.985579999999999457e-01,6.738039999999999308e-02,0.000000000000000000e+00
9.669630000000000170e-01,9.353999999999999815e-02,0.000000000000000000e+00
2.537170000000000258e-01,2.830750000000000210e-01,0.000000000000000000e+00
-1.253390000000000060e-01,-7.832859999999999823e-02,0.000000000000000000e+00
2.036109999999999864e-01,4.230930000000000107e-02,0.000000000000000000e+00
3.825580000000000092e-01,-3.188269999999999993e-02,0.000000000000000000e+00
1.492469999999999908e-01,7.823539999999999661e-02,0.000000000000000000e+00
8.195820000000000327e-01,-5.723140000000000172e-02,0.000000000000000000e+00
-1.428860000000000019e+00,-1.117270000000000069e-01,0.000000000000000000e+00
9.170059999999999878e-01,2.014120000000000077e-01,0.000000000000000000e+00
1.294790000000000108e-01,-4.939299999999999941e-02,0.000000000000000000e+00
-1.609099999999999975e-01,3.092810000000000004e-02,0.000000000000000000e+00
1.136419999999999986e+00,6.747390000000000332e-02,0.000000000000000000e+00
-1.206479999999999997e+00,1.343850000000000044e-01,0.000000000000000000e+00
-1.564179999999999904e+00,-7.163240000000000406e-03,0.000000000000000000e+00
4.804120000000000057e-01,1.741130000000000108e-02,0.000000000000000000e+00
-2.847319999999999851e-01,1.040319999999999995e-01,0.000000000000000000e+00
1.065330000000000027e-01,9.997939999999999605e-02,0.000000000000000000e+00
-8.246889999999999776e-02,-1.955109999999999834e-02,0.000000000000000000e+00
-4.829849999999999977e-01,-3.813799999999999829e-02,0.000000000000000000e+00
-1.559639999999999915e+00,8.073600000000000221e-02,0.000000000000000000e+00
2.217429999999999790e+00,-9.995450000000000168e-02,0.000000000000000000e+00
-3.101590000000000180e-01,-1.237619999999999970e-01,0.000000000000000000e+00
1.192129999999999912e+00,1.221420000000000006e-01,0.000000000000000000e+00
-1.346989999999999910e+00,1.117500000000000021e-01,0.000000000000000000e+00
1.234890000000000043e+00,-1.479070000000000107e-01,0.000000000000000000e+00
1.750059999999999949e+00,-9.733550000000000535e-02,0.000000000000000000e+00
1.005230000000000012e-01,-2.335349999999999926e-01,0.000000000000000000e+00
-9.700569999999999471e-01,6.646960000000000368e-02,0.000000000000000000e+00
-1.862230000000000052e+00,-7.916120000000000101e-02,0.000000000000000000e+00
-3.931580000000000075e-01,9.354709999999999415e-02,0.000000000000000000e+00
3.899179999999999868e-01,1.135469999999999969e-03,0.000000000000000000e+00
-2.895150000000000223e-01,4.887199999999999878e-02,0.000000000000000000e+00
-4.140369999999999884e-01,-2.263920000000000099e-01,0.000000000000000000e+00
-7.333589999999999831e-01,-1.873710000000000098e-01,0.000000000000000000e+00
9.502169999999999783e-01,-1.836969999999999992e-01,0.000000000000000000e+00
5.625200000000000200e-01,3.110479999999999842e-02,0.000000000000000000e+00
-1.765360000000000040e+00,4.725270000000000165e-02,0.000000000000000000e+00
5.154389999999999805e-01,-1.399569999999999981e-01,0.000000000000000000e+00
-1.009879999999999944e-01,1.236059999999999937e-01,0.000000000000000000e+00
1.404460000000000042e+00,1.079949999999999938e-01,0.000000000000000000e+00
1.611650000000000027e+00,-9.982870000000000632e-02,0.000000000000000000e+00
1.237300000000000066e+00,-3.897319999999999951e-02,0.000000000000000000e+00
4.180679999999999952e-01,-1.464810000000000001e-01,0.000000000000000000e+00
9.060519999999999685e-01,4.021020000000000150e-02,0.000000000000000000e+00
-1.819499999999999895e+00,1.690119999999999956e-01,0.000000000000000000e+00
-3.275819999999999843e-01,4.903230000000000088e-02,0.000000000000000000e+00
2.787519999999999998e-01,1.050289999999999974e-01,0.000000000000000000e+00
-5.003220000000000445e-01,-9.609829999999999761e-02,0.000000000000000000e+00
7.772700000000000164e-01,1.518420000000000047e-01,0.000000000000000000e+00
1.168959999999999999e+00,1.209490000000000044e-02,0.000000000000000000e+00
-1.705629999999999924e-01,1.360040000000000138e-01,0.000000000000000000e+00
-4.070190000000000197e-01,2.384990000000000027e-02,0.000000000000000000e+00
3.722880000000000078e-01,-5.685810000000000343e-03,0.000000000000000000e+00
-2.826670000000000016e-01,-1.417709999999999977e-02,0.000000000000000000e+00
1.061420000000000030e+00,-1.062489999999999962e-01,0.000000000000000000e+00
-1.654239999999999933e+00,-1.401769999999999960e-01,0.000000000000000000e+00
-1.530050000000000021e-01,-1.977039999999999909e-01,0.000000000000000000e+00
2.464150000000000063e+00,7.985879999999999368e-02,0.000000000000000000e+00
6.301799999999999624e-01,-5.658370000000000066e-02,0.000000000000000000e+00
-5.348340000000000316e-01,1.084669999999999940e-01,0.000000000000000000e+00
-3.865049999999999875e-01,-1.579309999999999881e-01,0.000000000000000000e+00
-2.564490000000000158e+00,6.166500000000000540e-04,0.000000000000000000e+00
4.753820000000000268e-01,-5.464019999999999988e-02,0.000000000000000000e+00
-1.600260000000000016e+00,-2.281630000000000047e-01,0.000000000000000000e+00
3.790250000000000008e-01,-1.442090000000000038e-01,0.000000000000000000e+00
4.440769999999999995e-01,1.296170000000000100e-01,0.000000000000000000e+00
-5.755080000000000195e-01,-6.118370000000000059e-02,0.000000000000000000e+00
1.692180000000000073e-01,9.385849999999999749e-02,0.000000000000000000e+00
-9.065760000000000485e-01,-8.915520000000000389e-02,0.000000000000000000e+00
-1.199689999999999923e+00,8.172559999999999547e-02,0.000000000000000000e+00
-5.289449999999999985e-01,-2.644730000000000136e-01,0.000000000000000000e+00
-1.703590000000000104e-01,-3.780599999999999933e-02,0.000000000000000000e+00
-1.307369999999999921e+00,-1.512999999999999901e-01,0.000000000000000000e+00
1.224499999999999922e+00,-3.187469999999999887e-02,0.000000000000000000e+00
6.888480000000000159e-01,-4.020119999999999857e-04,0.000000000000000000e+00
8.609219999999999651e-01,-3.049440000000000137e-02,0.000000000000000000e+00
1.303140000000000132e-01,1.855410000000000115e-01,0.000000000000000000e+00
-1.348919999999999897e+00,-2.326519999999999977e-01,0.000000000000000000e+00
-1.290300000000000002e+00,-1.422690000000000066e-01,0.000000000000000000e+00
1.052899999999999947e+00,7.729500000000000259e-02,0.000000000000000000e+00
2.234319999999999862e+00,3.331230000000000024e-01,0.000000000000000000e+00
6.176829999999999821e-01,-2.305089999999999917e-02,0.000000000000000000e+00
-1.874810000000000088e-01,5.634410000000000113e-02,0.000000000000000000e+00
-9.911440000000000250e-01,9.494729999999999837e-02,0.000000000000000000e+00
8.605199999999999516e-01,-1.714569999999999983e-02,0.000000000000000000e+00
9.653270000000000461e-01,1.246740000000000001e-02,0.000000000000000000e+00
4.894839999999999747e-01,-7.175439999999999596e-02,0.000000000000000000e+00
-7.196009999999999907e-02,-1.002569999999999989e-01,0.000000000000000000e+00
3.139140000000000263e-01,-3.058810000000000001e-02,0.000000000000000000e+00
-9.090339999999999532e-02,4.915789999999999743e-02,0.000000000000000000e+00
-3.561570000000000014e-02,4.612979999999999858e-02,0.000000000000000000e+00
1.005130000000000079e+00,-5.891710000000000003e-02,0.000000000000000000e+00
1.486709999999999976e-01,-4.076380000000000281e-02,0.000000000000000000e+00
1.030380000000000074e+00,-1.028850000000000077e-02,0.000000000000000000e+00
4.148220000000000240e-01,-1.128239999999999937e-01,0.000000000000000000e+00
1.521800000000000097e-01,-1.264750000000000041e-01,0.000000000000000000e+00
-5.931089999999999973e-01,1.536419999999999973e-02,0.000000000000000000e+00
4.180869999999999864e-01,-1.427319999999999978e-01,0.000000000000000000e+00
1.013889999999999958e+00,8.451650000000000551e-01,0.000000000000000000e+00
-9.514660000000000339e-01,1.104370000000000074e+00,0.000000000000000000e+00
8.832569999999999588e-01,1.015819999999999945e+00,0.000000000000000000e+00
-4.321550000000000114e-01,8.756979999999999764e-01,0.000000000000000000e+00
1.098060000000000036e+00,1.125790000000000068e+00,0.000000000000000000e+00
3.332030000000000269e-01,8.601769999999999694e-01,0.000000000000000000e+00
5.589760000000000284e-01,1.181240000000000068e+00,0.000000000000000000e+00
3.124279999999999835e-01,9.237370000000000303e-01,0.000000000000000000e+00
-6.322410000000000529e-01,1.033749999999999947e+00,0.000000000000000000e+00
-3.892459999999999809e-01,1.006739999999999968e+00,0.000000000000000000e+00
-1.857429999999999914e+00,1.017640000000000100e+00,0.000000000000000000e+00
1.416080000000000005e+00,1.115289999999999893e+00,0.000000000000000000e+00
3.186160000000000103e-01,1.139320000000000110e+00,0.000000000000000000e+00
-7.765800000000000480e-01,9.784850000000000492e-01,0.000000000000000000e+00
-1.257589999999999986e+00,1.034589999999999899e+00,0.000000000000000000e+00
5.325210000000000221e-01,9.773720000000000185e-01,0.000000000000000000e+00
6.824900000000000411e-01,1.050249999999999906e+00,0.000000000000000000e+00
-1.216860000000000053e+00,9.805960000000000232e-01,0.000000000000000000e+00
1.101909999999999945e+00,8.981289999999999552e-01,0.000000000000000000e+00
8.808829999999999716e-01,1.208050000000000068e+00,0.000000000000000000e+00
2.345069999999999932e-01,9.559659999999999824e-01,0.000000000000000000e+00
6.794069999999999832e-01,9.677480000000000526e-01,0.000000000000000000e+00
7.778810000000000446e-01,1.011819999999999942e+00,0.000000000000000000e+00
6.593160000000000132e-01,9.788010000000000321e-01,0.000000000000000000e+00
7.633590000000000098e-01,1.203950000000000076e+00,0.000000000000000000e+00
-1.034839999999999982e+00,1.085220000000000073e+00,0.000000000000000000e+00
-2.009529999999999816e+00,8.929110000000000102e-01,0.000000000000000000e+00
-4.726730000000000098e-01,1.136470000000000091e+00,0.000000000000000000e+00
4.983900000000000136e-02,9.191629999999999523e-01,0.000000000000000000e+00
-1.163450000000000095e+00,9.685690000000000133e-01,0.000000000000000000e+00
-2.235219999999999985e-01,8.592509999999999870e-01,0.000000000000000000e+00
-1.448879999999999890e-01,8.384819999999999496e-01,0.000000000000000000e+00
-1.556159999999999988e+00,9.726139999999999786e-01,0.000000000000000000e+00
1.448290000000000077e+00,9.326999999999999735e-01,0.000000000000000000e+00
-2.008640000000000203e+00,1.000119999999999898e+00,0.000000000000000000e+00
-9.631049999999999889e-01,1.059590000000000032e+00,0.000000000000000000e+00
-3.296430000000000193e-01,1.073569999999999913e+00,0.000000000000000000e+00
6.661989999999999856e-01,1.000690000000000079e+00,0.000000000000000000e+00
3.185290000000000066e-01,9.602950000000000097e-01,0.000000000000000000e+00
8.088359999999999994e-01,9.276499999999999746e-01,0.000000000000000000e+00
2.528080000000000105e+00,1.042259999999999964e+00,0.000000000000000000e+00
5.582319999999999505e-01,9.844730000000000425e-01,0.000000000000000000e+00
-3.614950000000000108e-01,9.316349999999999909e-01,0.000000000000000000e+00
-1.511139999999999928e+00,8.426430000000000309e-01,0.000000000000000000e+00
-1.885860000000000092e+00,1.066829999999999945e+00,0.000000000000000000e+00
4.880619999999999958e-01,1.055190000000000072e+00,0.000000000000000000e+00
-6.100570000000000298e-02,1.048640000000000017e+00,0.000000000000000000e+00
5.527819999999999956e-01,1.148470000000000102e+00,0.000000000000000000e+00
-1.555749999999999911e-01,8.645359999999999712e-01,0.000000000000000000e+00
-2.273000000000000020e-01,8.985699999999999799e-01,0.000000000000000000e+00
-5.658039999999999736e-01,8.487919999999999909e-01,0.000000000000000000e+00
6.151780000000000026e-01,1.005700000000000038e+00,0.000000000000000000e+00
5.835740000000000371e-01,1.017980000000000107e+00,0.000000000000000000e+00
-1.558310000000000084e+00,1.012399999999999967e+00,0.000000000000000000e+00
-2.387820000000000054e+00,1.072980000000000045e+00,0.000000000000000000e+00
2.156520000000000103e-01,7.801430000000000309e-01,0.000000000000000000e+00
1.774190000000000142e-02,1.204090000000000105e+00,0.000000000000000000e+00
9.676850000000000174e-01,8.820719999999999672e-01,0.000000000000000000e+00
3.612469999999999848e-01,1.098749999999999893e+00,0.000000000000000000e+00
6.831530000000000102e-01,9.836749999999999661e-01,0.000000000000000000e+00
-1.983899999999999997e+00,7.635870000000000157e-01,0.000000000000000000e+00
4.917750000000000177e-01,9.415839999999999765e-01,0.000000000000000000e+00
-5.571800000000000086e-01,7.523830000000000240e-01,0.000000000000000000e+00
8.592819999999999625e-02,1.128319999999999990e+00,0.000000000000000000e+00
-4.599619999999999820e-01,1.043330000000000091e+00,0.000000000000000000e+00
1.215479999999999894e+00,1.094580000000000108e+00,0.000000000000000000e+00
2.148100000000000009e-01,1.020080000000000098e+00,0.000000000000000000e+00
-8.185459999999999958e-01,9.793600000000000083e-01,0.000000000000000000e+00
6.802559999999999718e-01,1.100330000000000030e+00,0.000000000000000000e+00
6.815020000000000522e-01,1.187889999999999890e+00,0.000000000000000000e+00
-8.458649999999999780e-01,8.876009999999999733e-01,0.000000000000000000e+00
-4.843050000000000133e-02,1.066940000000000000e+00,0.000000000000000000e+00
7.384859999999999758e-01,1.185740000000000016e+00,0.000000000000000000e+00
-4.118059999999999776e-02,1.027239999999999931e+00,0.000000000000000000e+00
-2.895780000000000021e-01,1.121650000000000036e+00,0.000000000000000000e+00
8.856230000000000491e-01,8.910850000000000160e-01,0.000000000000000000e+00
4.248370000000000202e-01,1.094049999999999967e+00,0.000000000000000000e+00
2.181609999999999938e-01,8.791689999999999783e-01,0.000000000000000000e+00
-3.279670000000000085e-01,1.159259999999999957e+00,0.000000000000000000e+00
6.354469999999999841e-01,9.664199999999999458e-01,0.000000000000000000e+00
-8.290689999999999449e-01,9.403799999999999937e-01,0.000000000000000000e+00
1.402069999999999927e+00,1.130120000000000013e+00,0.000000000000000000e+00
-2.614469999999999850e-01,8.824340000000000517e-01,0.000000000000000000e+00
-1.962560000000000082e+00,8.139560000000000128e-01,0.000000000000000000e+00
-1.153929999999999900e+00,7.310959999999999681e-01,0.000000000000000000e+00
4.009759999999999991e-01,1.047830000000000039e+00,0.000000000000000000e+00
7.430660000000000043e-01,8.530769999999999742e-01,0.000000000000000000e+00
1.172919999999999963e+00,8.363350000000000506e-01,0.000000000000000000e+00
3.391120000000000245e-02,9.575789999999999580e-01,0.000000000000000000e+00
2.129410000000000025e+00,9.831509999999999971e-01,0.000000000000000000e+00
-4.150179999999999980e-01,9.603129999999999722e-01,0.000000000000000000e+00
-9.852670000000000039e-01,1.037220000000000031e+00,0.000000000000000000e+00
-1.652480000000000060e-01,1.143760000000000110e+00,0.000000000000000000e+00
1.758760000000000101e+00,8.680090000000000305e-01,0.000000000000000000e+00
1.184569999999999901e+00,9.645070000000000032e-01,0.000000000000000000e+00
-1.534350000000000103e+00,1.124219999999999997e+00,0.000000000000000000e+00
2.976949999999999985e+00,1.135229999999999961e+00,0.000000000000000000e+00
-2.996630000000000127e-02,1.100770000000000026e+00,0.000000000000000000e+00
-4.329700000000000215e-02,1.002729999999999899e+00,0.000000000000000000e+00
2.188599999999999920e-02,1.174039999999999973e+00,0.000000000000000000e+00
1.005260000000000042e+00,1.113310000000000022e+00,0.000000000000000000e+00
7.894079999999999986e-01,1.211310000000000109e+00,0.000000000000000000e+00
-9.646280000000000132e-02,1.002359999999999918e+00,0.000000000000000000e+00
-1.712609999999999966e+00,9.390619999999999523e-01,0.000000000000000000e+00
1.217039999999999900e+00,9.933410000000000295e-01,0.000000000000000000e+00
1.345119999999999927e-01,8.129690000000000527e-01,0.000000000000000000e+00
7.106959999999999944e-01,1.075990000000000002e+00,0.000000000000000000e+00
-2.321930000000000105e-01,1.114430000000000032e+00,0.000000000000000000e+00
-1.724120000000000097e-01,9.235640000000000516e-01,0.000000000000000000e+00
-8.639109999999999845e-01,1.007630000000000026e+00,0.000000000000000000e+00
-2.475010000000000154e+00,1.051770000000000094e+00,0.000000000000000000e+00
5.468469999999999720e-01,9.282979999999999565e-01,0.000000000000000000e+00
4.371369999999999978e-01,9.089840000000000142e-01,0.000000000000000000e+00
-5.232550000000000257e-01,7.931730000000000169e-01,0.000000000000000000e+00
-1.217999999999999985e-02,1.079120000000000079e+00,0.000000000000000000e+00
-1.877369999999999872e-01,1.093199999999999950e+00,0.000000000000000000e+00
-8.774129999999999985e-01,1.033760000000000012e+00,0.000000000000000000e+00
2.638529999999999820e+00,9.602929999999999522e-01,0.000000000000000000e+00
-1.382339999999999958e-01,9.617379999999999818e-01,0.000000000000000000e+00
-1.516089999999999938e+00,1.007570000000000077e+00,0.000000000000000000e+00
-4.628599999999999937e-01,1.025239999999999929e+00,0.000000000000000000e+00
-1.000639999999999974e+00,1.013370000000000104e+00,0.000000000000000000e+00
-6.341780000000000195e-01,9.968789999999999596e-01,0.000000000000000000e+00
-3.362479999999999913e-01,1.050629999999999953e+00,0.000000000000000000e+00
-1.284010000000000096e+00,9.279800000000000271e-01,0.000000000000000000e+00
-3.991390000000000216e-01,9.709029999999999605e-01,0.000000000000000000e+00
-1.160519999999999996e+00,1.043709999999999916e+00,0.000000000000000000e+00
-2.082640000000000047e+00,1.050759999999999916e+00,0.000000000000000000e+00
-8.870999999999999996e-01,1.062899999999999956e+00,0.000000000000000000e+00
-4.433579999999999743e-01,9.216149999999999620e-01,0.000000000000000000e+00
-2.369880000000000209e+00,1.011169999999999902e+00,0.000000000000000000e+00
-1.315250000000000030e+00,8.357240000000000224e-01,0.000000000000000000e+00
9.773739999999999650e-01,1.038399999999999990e+00,0.000000000000000000e+00
1.186890000000000001e+00,1.032170000000000032e+00,0.000000000000000000e+00
-1.021519999999999984e+00,8.160600000000000076e-01,0.000000000000000000e+00
2.646770000000000067e+00,9.901849999999999818e-01,0.000000000000000000e+00
-1.200420000000000043e+00,9.211850000000000316e-01,0.000000000000000000e+00
-1.095099999999999962e+00,1.007179999999999964e+00,0.000000000000000000e+00
4.451019999999999976e-01,9.561009999999999787e-01,0.000000000000000000e+00
-1.316019999999999968e+00,1.142840000000000078e+00,0.000000000000000000e+00
-9.836610000000000076e-01,1.091429999999999900e+00,0.000000000000000000e+00
-2.782729999999999926e-01,8.869329999999999714e-01,0.000000000000000000e+00
1.572140000000000093e+00,1.046740000000000004e+00,0.000000000000000000e+00
-5.245549999999999866e-03,1.041719999999999979e+00,0.000000000000000000e+00
-4.065520000000000245e-02,9.779170000000000362e-01,0.000000000000000000e+00
1.110989999999999922e+00,9.765840000000000076e-01,0.000000000000000000e+00
2.158940000000000026e-01,1.033470000000000111e+00,0.000000000000000000e+00
-3.069840000000000124e+00,1.051299999999999901e+00,0.000000000000000000e+00
6.077960000000000029e-01,1.051420000000000021e+00,0.000000000000000000e+00
9.581269999999999509e-01,1.084729999999999972e+00,0.000000000000000000e+00
-9.202479999999999549e-01,1.010790000000000077e+00,0.000000000000000000e+00
7.387949999999999795e-01,9.645660000000000345e-01,0.000000000000000000e+00
-1.447599999999999998e-01,1.146430000000000060e+00,0.000000000000000000e+00
9.449769999999999559e-01,9.655960000000000099e-01,0.000000000000000000e+00
-5.291310000000000180e-01,1.073159999999999892e+00,0.000000000000000000e+00
1.717260000000000009e+00,8.615960000000000285e-01,0.000000000000000000e+00
8.226109999999999811e-01,1.035349999999999993e+00,0.000000000000000000e+00
-1.481459999999999999e-01,9.106100000000000305e-01,0.000000000000000000e+00
2.470849999999999991e+00,7.409829999999999472e-01,0.000000000000000000e+00
2.265699999999999936e-01,9.109340000000000215e-01,0.000000000000000000e+00
-2.539060000000000206e-01,8.335099999999999731e-01,0.000000000000000000e+00
1.234720000000000040e+00,9.789130000000000331e-01,0.000000000000000000e+00
1.189829999999999943e+00,9.404240000000000377e-01,0.000000000000000000e+00
2.946800000000000114e-02,9.280659999999999465e-01,0.000000000000000000e+00
-8.892339999999999689e-01,1.184250000000000025e+00,0.000000000000000000e+00
-8.650750000000000384e-01,1.106700000000000017e+00,0.000000000000000000e+00
-2.079159999999999897e+00,1.048789999999999889e+00,0.000000000000000000e+00
1.620519999999999960e+00,1.074200000000000044e+00,0.000000000000000000e+00
9.381300000000000194e-01,1.111150000000000082e+00,0.000000000000000000e+00
1.495530000000000026e+00,9.996660000000000545e-01,0.000000000000000000e+00
9.629529999999999479e-01,1.066300000000000026e+00,0.000000000000000000e+00
5.447840000000000460e-01,6.963430000000000453e-01,0.000000000000000000e+00
-7.919779999999999598e-01,1.097450000000000037e+00,0.000000000000000000e+00
7.022199999999999553e-01,9.208089999999999886e-01,0.000000000000000000e+00
3.584129999999999816e-01,7.320440000000000280e-01,0.000000000000000000e+00
-5.963009999999999700e-01,1.154630000000000045e+00,0.000000000000000000e+00
-1.344929999999999959e+00,8.550799999999999512e-01,0.000000000000000000e+00
-3.228340000000000098e-01,9.647630000000000372e-01,0.000000000000000000e+00
-8.339389999999999858e-01,1.089650000000000007e+00,0.000000000000000000e+00
8.376759999999999762e-02,9.493960000000000177e-01,0.000000000000000000e+00
-1.043770000000000087e+00,1.013390000000000013e+00,0.000000000000000000e+00
1.216480000000000006e+00,7.140840000000000520e-01,0.000000000000000000e+00
2.081980000000000164e+00,1.052019999999999955e+00,0.000000000000000000e+00
1.098540000000000072e+00,1.038780000000000037e+00,0.000000000000000000e+00
4.700190000000000201e-01,1.056179999999999897e+00,0.000000000000000000e+00
5.059519999999999573e-01,1.121739999999999959e+00,0.000000000000000000e+00
3.658279999999999865e-01,1.052969999999999962e+00,0.000000000000000000e+00
-1.393529999999999935e+00,8.851569999999999716e-01,0.000000000000000000e+00
-1.384419999999999984e+00,1.023810000000000109e+00,0.000000000000000000e+00
8.600079999999999947e-01,1.026790000000000092e+00,0.000000000000000000e+00
9.573970000000000535e-01,1.105059999999999931e+00,0.000000000000000000e+00
1.631940000000000057e-01,9.525439999999999463e-01,0.000000000000000000e+00
-2.207780000000000076e+00,9.861189999999999678e-01,0.000000000000000000e+00
6.145909999999999984e-01,1.093220000000000081e+00,0.000000000000000000e+00
2.106590000000000185e+00,1.128330000000000055e+00,0.000000000000000000e+00
-1.283239999999999936e+00,9.116919999999999469e-01,0.000000000000000000e+00
-1.386770000000000058e+00,9.335700000000000109e-01,0.000000000000000000e+00
-7.672700000000000076e-01,9.653300000000000214e-01,0.000000000000000000e+00
-7.868000000000000549e-01,8.718609999999999971e-01,0.000000000000000000e+00
8.252120000000000288e-02,1.059239999999999959e+00,0.000000000000000000e+00
3.044859999999999789e-01,1.015859999999999985e+00,0.000000000000000000e+00
6.574750000000000316e-01,9.260420000000000318e-01,0.000000000000000000e+00
-1.086349999999999927e+00,9.668320000000000247e-01,0.000000000000000000e+00
4.951320000000000027e-02,9.181749999999999634e-01,0.000000000000000000e+00
-9.799149999999999805e-01,1.020629999999999926e+00,0.000000000000000000e+00
-2.751109999999999944e-01,1.138859999999999983e+00,0.000000000000000000e+00
-1.834770000000000012e+00,9.601899999999999880e-01,0.000000000000000000e+00
-3.813940000000000108e-01,9.800799999999999512e-01,0.000000000000000000e+00
1.210779999999999967e+00,1.106929999999999970e+00,0.000000000000000000e+00
-6.770749999999999824e-01,1.003309999999999924e+00,0.000000000000000000e+00
-1.487279999999999991e-01,1.031660000000000021e+00,0.000000000000000000e+00
-2.595169999999999977e-01,1.186390000000000056e+00,0.000000000000000000e+00
-1.355040000000000022e+00,8.496000000000000218e-01,0.000000000000000000e+00
-1.173589999999999911e+00,9.369769999999999488e-01,0.000000000000000000e+00
-1.487910000000000066e+00,1.074559999999999960e+00,0.000000000000000000e+00
8.768409999999999815e-01,9.981710000000000305e-01,0.000000000000000000e+00
1.659750000000000059e+00,8.460349999999999815e-01,0.000000000000000000e+00
-5.118920000000000137e-01,8.894170000000000131e-01,0.000000000000000000e+00
-1.278660000000000074e-01,9.034189999999999721e-01,0.000000000000000000e+00
1.181410000000000071e+00,1.015849999999999920e+00,0.000000000000000000e+00
-7.449949999999999628e-01,9.391089999999999716e-01,0.000000000000000000e+00
-3.277900000000000258e-02,9.978059999999999707e-01,0.000000000000000000e+00
-1.403999999999999915e+00,1.101199999999999957e+00,0.000000000000000000e+00
-1.126339999999999897e+00,1.091970000000000107e+00,0.000000000000000000e+00
-1.544859999999999900e+00,9.953119999999999745e-01,0.000000000000000000e+00
8.661820000000000630e-02,1.165049999999999919e+00,0.000000000000000000e+00
-1.190189999999999998e-01,1.038049999999999917e+00,0.000000000000000000e+00
-7.905790000000000317e-01,1.032089999999999952e+00,0.000000000000000000e+00
1.259959999999999969e+00,1.051770000000000094e+00,0.000000000000000000e+00
2.082939999999999792e+00,1.042890000000000095e+00,0.000000000000000000e+00
-8.828989999999999894e-01,1.019900000000000029e+00,0.000000000000000000e+00
7.056569999999999787e-01,1.029439999999999911e+00,0.000000000000000000e+00
1.931259999999999921e-01,1.037700000000000067e+00,0.000000000000000000e+00
9.647109999999999852e-01,1.162910000000000110e+00,0.000000000000000000e+00
5.359730000000000327e-01,1.019970000000000043e+00,0.000000000000000000e+00
-1.172819999999999974e-01,9.690889999999999782e-01,0.000000000000000000e+00
3.507419999999999982e-02,1.159569999999999990e+00,0.000000000000000000e+00
-5.761279999999999735e-01,9.113269999999999982e-01,0.000000000000000000e+00
-1.020899999999999919e+00,1.037519999999999998e+00,0.000000000000000000e+00
-9.430410000000000181e-01,8.934180000000000454e-01,0.000000000000000000e+00
-5.327990000000000226e-01,8.492330000000000156e-01,0.000000000000000000e+00
-9.730309999999999793e-01,9.955420000000000380e-01,0.000000000000000000e+00
2.087930000000000064e+00,9.039030000000000120e-01,0.000000000000000000e+00
-7.558300000000000018e-01,9.402430000000000510e-01,0.000000000000000000e+00
3.695649999999999769e-01,1.126710000000000100e+00,0.000000000000000000e+00
4.357539999999999747e-01,1.146589999999999998e+00,0.000000000000000000e+00
9.728090000000000348e-02,1.023579999999999934e+00,0.000000000000000000e+00
2.359620000000000051e-01,8.736289999999999889e-01,0.000000000000000000e+00
-1.421439999999999926e-01,1.074459999999999971e+00,0.000000000000000000e+00
1.055090000000000083e+00,1.009619999999999962e+00,0.000000000000000000e+00
-7.239360000000000239e-01,1.015039999999999942e+00,0.000000000000000000e+00
8.782469999999999999e-01,1.187619999999999898e+00,0.000000000000000000e+00
8.308719999999999994e-02,1.038129999999999997e+00,0.000000000000000000e+00
-1.181969999999999965e-01,1.040510000000000046e+00,0.000000000000000000e+00
8.298189999999999733e-01,9.029110000000000191e-01,0.000000000000000000e+00
1.535979999999999901e+00,9.033029999999999671e-01,0.000000000000000000e+00
-1.231130000000000058e+00,1.002389999999999892e+00,0.000000000000000000e+00
-1.338140000000000107e+00,9.049890000000000434e-01,0.000000000000000000e+00
2.010129999999999972e-01,1.142970000000000041e+00,0.000000000000000000e+00
1.375150000000000095e+00,9.092940000000000467e-01,0.000000000000000000e+00
-3.565349999999999908e-01,1.051760000000000028e+00,0.000000000000000000e+00
1.266550000000000065e+00,1.135219999999999896e+00,0.000000000000000000e+00
-1.191100000000000048e+00,1.046859999999999902e+00,0.000000000000000000e+00
-1.420360000000000067e+00,1.019740000000000091e+00,0.000000000000000000e+00
1.147040000000000060e+00,1.122999999999999998e+00,0.000000000000000000e+00
-5.913380000000000303e-01,9.506259999999999710e-01,0.000000000000000000e+00
-8.936330000000000107e-01,9.601239999999999775e-01,0.000000000000000000e+00
2.600080000000000169e-01,9.780170000000000252e-01,0.000000000000000000e+00
1.475859999999999950e+00,9.794669999999999765e-01,0.000000000000000000e+00
1.109129999999999949e+00,9.049399999999999666e-01,0.000000000000000000e+00
-6.009170000000000345e-01,8.540750000000000286e-01,0.000000000000000000e+00
-1.027069999999999927e+00,1.164770000000000083e+00,0.000000000000000000e+00
-1.342209999999999903e+00,9.083660000000000068e-01,0.000000000000000000e+00
1.524049999999999905e+00,7.297839999999999883e-01,0.000000000000000000e+00
8.534699999999999509e-01,1.070640000000000036e+00,0.000000000000000000e+00
-1.286189999999999944e+00,1.101099999999999968e+00,0.000000000000000000e+00
5.428509999999999724e-01,1.017980000000000107e+00,0.000000000000000000e+00
-1.063870000000000093e+00,8.801679999999999504e-01,0.000000000000000000e+00
1.339150000000000063e+00,9.409950000000000259e-01,0.000000000000000000e+00
3.187650000000000206e-01,1.198050000000000059e+00,0.000000000000000000e+00
4.453989999999999894e-01,1.098670000000000035e+00,0.000000000000000000e+00
-3.759179999999999987e-03,1.006809999999999983e+00,0.000000000000000000e+00
-8.482960000000000500e-02,9.776500000000000190e-01,0.000000000000000000e+00
-1.759209999999999940e-01,1.014399999999999968e+00,0.000000000000000000e+00
1.043730000000000047e+00,9.005480000000000151e-01,0.000000000000000000e+00
-3.292249999999999899e-01,1.050620000000000109e+00,0.000000000000000000e+00
1.355739999999999945e+00,1.090370000000000061e+00,0.000000000000000000e+00
-4.747259999999999813e-01,9.247140000000000359e-01,0.000000000000000000e+00
-1.468480000000000008e+00,1.024729999999999919e+00,0.000000000000000000e+00
-3.831879999999999731e-01,9.946199999999999486e-01,0.000000000000000000e+00
4.467780000000000085e-01,7.754569999999999519e-01,0.000000000000000000e+00
-4.460489999999999733e-01,1.120759999999999978e+00,0.000000000000000000e+00
-1.975710000000000077e+00,1.107509999999999994e+00,0.000000000000000000e+00
2.338010000000000144e+00,1.007449999999999957e+00,0.000000000000000000e+00
5.201519999999999477e-01,9.392179999999999973e-01,0.000000000000000000e+00
2.323490000000000055e+00,9.851900000000000102e-01,0.000000000000000000e+00
2.479150000000000187e+00,9.476250000000000506e-01,0.000000000000000000e+00
-1.011679999999999913e+00,9.914579999999999504e-01,0.000000000000000000e+00
-1.360219999999999985e+00,1.000199999999999978e+00,0.000000000000000000e+00
1.191580000000000084e+00,1.043760000000000021e+00,0.000000000000000000e+00
1.068650000000000100e+00,8.934800000000000519e-01,0.000000000000000000e+00
6.384579999999999700e-01,9.204409999999999537e-01,0.000000000000000000e+00
1.020440000000000014e+00,8.687930000000000375e-01,0.000000000000000000e+00
6.788380000000000525e-01,8.010509999999999575e-01,0.000000000000000000e+00
1.801490000000000036e+00,1.081599999999999895e+00,0.000000000000000000e+00
3.629620000000000068e-01,1.028319999999999901e+00,0.000000000000000000e+00
8.400420000000000109e-02,8.984109999999999596e-01,0.000000000000000000e+00
7.302130000000000010e-01,1.016219999999999901e+00,0.000000000000000000e+00
1.458450000000000024e+00,1.100160000000000027e+00,0.000000000000000000e+00
2.409219999999999973e-01,9.456609999999999738e-01,0.000000000000000000e+00
-9.050679999999999836e-01,1.032829999999999915e+00,0.000000000000000000e+00
1.842319999999999958e+00,1.059369999999999923e+00,0.000000000000000000e+00
-8.864680000000000337e-01,9.890440000000000342e-01,0.000000000000000000e+00
-1.334209999999999896e+00,1.020329999999999959e+00,0.000000000000000000e+00
-1.483689999999999953e+00,1.091229999999999922e+00,0.000000000000000000e+00
-5.842739999999999601e-01,9.885950000000000015e-01,0.000000000000000000e+00
-7.321859999999999480e-02,1.063930000000000042e+00,0.000000000000000000e+00
7.879420000000000313e-01,8.380220000000000447e-01,0.000000000000000000e+00
-4.963310000000000222e-01,1.128880000000000106e+00,0.000000000000000000e+00
1.181550000000000100e+00,9.024900000000000144e-01,0.000000000000000000e+00
-3.504970000000000030e-01,1.026810000000000000e+00,0.000000000000000000e+00
-8.062089999999999534e-01,1.022019999999999929e+00,0.000000000000000000e+00
-4.148560000000000025e-01,1.050189999999999957e+00,0.000000000000000000e+00
6.920300000000000340e-01,9.822729999999999517e-01,0.000000000000000000e+00
-9.064149999999999707e-01,9.604580000000000339e-01,0.000000000000000000e+00
7.546650000000000302e-01,1.024350000000000094e+00,0.000000000000000000e+00
8.924229999999999663e-01,9.936199999999999477e-01,0.000000000000000000e+00
-1.297350000000000003e+00,9.082320000000000393e-01,0.000000000000000000e+00
1.524499999999999966e+00,9.009549999999999503e-01,0.000000000000000000e+00
7.683849999999999847e-01,1.121080000000000076e+00,0.000000000000000000e+00
-1.344370000000000009e-01,8.826669999999999794e-01,0.000000000000000000e+00
2.761509999999999909e+00,1.096959999999999935e+00,0.000000000000000000e+00
-9.075439999999999896e-02,1.049690000000000012e+00,0.000000000000000000e+00
-9.867739999999999845e-02,9.918869999999999632e-01,0.000000000000000000e+00
-2.115650000000000031e-01,1.022869999999999946e+00,0.000000000000000000e+00
1.219850000000000101e+00,9.890870000000000495e-01,0.000000000000000000e+00
7.919559999999999933e-01,1.056359999999999966e+00,0.000000000000000000e+00
-8.214310000000000223e-01,9.491100000000000092e-01,0.000000000000000000e+00
-2.017919999999999991e-01,9.633509999999999573e-01,0.000000000000000000e+00
1.326540000000000052e+00,9.769679999999999476e-01,0.000000000000000000e+00
6.741779999999999995e-02,9.778259999999999730e-01,0.000000000000000000e+00
-4.297219999999999929e-01,7.581219999999999626e-01,0.000000000000000000e+00
9.231070000000000109e-01,9.697729999999999961e-01,0.000000000000000000e+00
1.083150000000000057e+00,1.065160000000000107e+00,0.000000000000000000e+00
-1.416840000000000044e-01,9.900130000000000319e-01,0.000000000000000000e+00
-8.345839999999999925e-01,9.612030000000000296e-01,0.000000000000000000e+00
1.824310000000000098e+00,8.914339999999999486e-01,0.000000000000000000e+00
1.677160000000000040e-01,9.927270000000000261e-01,0.000000000000000000e+00
2.955200000000000049e-01,9.654310000000000391e-01,0.000000000000000000e+00
2.262820000000000109e-01,1.108179999999999943e+00,0.000000000000000000e+00
9.038859999999999673e-01,9.666299999999999892e-01,0.000000000000000000e+00
3.027730000000000143e-01,1.001270000000000104e+00,0.000000000000000000e+00
-1.687070000000000070e+00,1.017810000000000104e+00,0.000000000000000000e+00
-1.815830000000000055e+00,1.141569999999999974e+00,0.000000000000000000e+00
1.846959999999999935e+00,1.132489999999999997e+00,0.000000000000000000e+00
-7.794439999999999702e-02,9.255790000000000406e-01,0.000000000000000000e+00
1.945519999999999916e+00,9.958939999999999459e-01,0.000000000000000000e+00
2.148800000000000043e+00,1.150379999999999958e+00,0.000000000000000000e+00
-1.652470000000000050e-01,1.149520000000000097e+00,0.000000000000000000e+00
-5.734240000000000448e-01,9.361270000000000424e-01,0.000000000000000000e+00
-1.578910000000000036e-01,9.577970000000000095e-01,0.000000000000000000e+00
1.394079999999999986e+00,1.065639999999999921e+00,0.000000000000000000e+00
7.006969999999999865e-02,1.051960000000000006e+00,0.000000000000000000e+00
-1.845690000000000108e-01,9.227570000000000494e-01,0.000000000000000000e+00
1.415680000000000049e+00,8.127870000000000372e-01,0.000000000000000000e+00
3.911609999999999809e-01,8.951050000000000395e-01,0.000000000000000000e+00
-2.674710000000000143e-01,1.074410000000000087e+00,0.000000000000000000e+00
-4.876829999999999776e-01,9.392179999999999973e-01,0.000000000000000000e+00
7.688629999999999631e-01,9.439790000000000125e-01,0.000000000000000000e+00
-4.294740000000000224e-01,9.511359999999999815e-01,0.000000000000000000e+00
4.150150000000000228e-01,1.144930000000000003e+00,0.000000000000000000e+00
4.286190000000000278e-01,8.935610000000000497e-01,0.000000000000000000e+00
3.934880000000000044e-01,9.353359999999999452e-01,0.000000000000000000e+00
-1.658080000000000109e-01,1.072650000000000103e+00,0.000000000000000000e+00
7.286500000000000199e-01,1.014550000000000063e+00,0.000000000000000000e+00
3.309619999999999784e-01,1.090899999999999981e+00,0.000000000000000000e+00
9.870459999999999789e-01,1.089609999999999967e+00,0.000000000000000000e+00
-1.521160000000000068e+00,9.883610000000000451e-01,0.000000000000000000e+00
3.768420000000000103e-01,1.061360000000000081e+00,0.000000000000000000e+00
6.964270000000000183e-01,1.074999999999999956e+00,0.000000000000000000e+00
-4.132839999999999847e-01,1.087259999999999893e+00,0.000000000000000000e+00
-1.933270000000000044e+00,8.618789999999999507e-01,0.000000000000000000e+00
1.151610000000000023e+00,9.114039999999999919e-01,0.000000000000000000e+00
8.362009999999999721e-01,1.023609999999999909e+00,0.000000000000000000e+00
-7.853649999999999520e-02,1.092090000000000005e+00,0.000000000000000000e+00
-8.488120000000000109e-01,1.096100000000000074e+00,0.000000000000000000e+00
-1.042699999999999960e+00,1.004820000000000046e+00,0.000000000000000000e+00
1.343169999999999975e+00,1.230129999999999946e+00,0.000000000000000000e+00
1.564040000000000097e+00,9.535040000000000182e-01,0.000000000000000000e+00
-1.875550000000000050e+00,1.048540000000000028e+00,0.000000000000000000e+00
3.930130000000000012e-01,8.610400000000000276e-01,0.000000000000000000e+00
8.888439999999999674e-01,9.513179999999999970e-01,0.000000000000000000e+00
-7.568139999999999867e-01,1.023470000000000102e+00,0.000000000000000000e+00
-1.416549999999999976e+00,9.005870000000000264e-01,0.000000000000000000e+00
2.898040000000000060e-01,9.666550000000000420e-01,0.000000000000000000e+00
-1.946169999999999956e+00,1.054380000000000095e+00,0.000000000000000000e+00
1.236480000000000024e+00,9.759600000000000497e-01,0.000000000000000000e+00
6.695780000000000065e-01,9.915629999999999722e-01,0.000000000000000000e+00
-4.590879999999999961e-01,1.141119999999999912e+00,0.000000000000000000e+00
-2.566019999999999968e+00,9.691070000000000517e-01,0.000000000000000000e+00
3.424920000000000186e-01,1.041530000000000067e+00,0.000000000000000000e+00
9.848879999999999857e-01,9.157089999999999952e-01,0.000000000000000000e+00
3.212860000000000160e-01,1.047500000000000098e+00,0.000000000000000000e+00
1.164239999999999942e+00,9.625449999999999839e-01,0.000000000000000000e+00
2.153880000000000017e+00,9.717529999999999779e-01,0.000000000000000000e+00
8.491680000000000339e-01,7.307059999999999667e-01,0.000000000000000000e+00
-4.732739999999999725e-01,1.056610000000000049e+00,0.000000000000000000e+00
7.992479999999999585e-01,8.286099999999999577e-01,0.000000000000000000e+00
4.862609999999999988e-01,9.714089999999999669e-01,0.000000000000000000e+00
3.048710000000000031e-01,1.012580000000000036e+00,0.000000000000000000e+00
-9.832400000000000029e-01,1.153750000000000053e+00,0.000000000000000000e+00
2.338140000000000107e+00,1.008329999999999949e+00,0.000000000000000000e+00
5.108070000000000110e-01,1.109240000000000004e+00,0.000000000000000000e+00
-1.407869999999999955e-01,9.179960000000000342e-01,0.000000000000000000e+00
-8.832069999999999643e-01,1.010890000000000066e+00,0.000000000000000000e+00
-4.931420000000000248e-01,8.935509999999999842e-01,0.000000000000000000e+00
1.352749999999999897e+00,9.938150000000000039e-01,0.000000000000000000e+00
-7.835630000000000095e-01,8.822740000000000027e-01,0.000000000000000000e+00
4.290479999999999849e-01,9.815220000000000056e-01,0.000000000000000000e+00
5.073260000000000547e-01,1.094519999999999937e+00,0.000000000000000000e+00
7.704560000000000575e-02,9.182970000000000299e-01,0.000000000000000000e+00
-2.897910000000000208e-01,9.070610000000000062e-01,0.000000000000000000e+00
6.619199999999999529e-01,1.040759999999999907e+00,0.000000000000000000e+00
4.044269999999999810e-02,1.009460000000000024e+00,0.000000000000000000e+00
1.500939999999999941e+00,1.041660000000000030e+00,0.000000000000000000e+00
-1.261500000000000121e-01,8.216339999999999755e-01,0.000000000000000000e+00
2.745410000000000128e+00,9.259349999999999525e-01,0.000000000000000000e+00
-9.392029999999999823e-02,9.936509999999999510e-01,0.000000000000000000e+00
9.315029999999999699e-01,9.653329999999999966e-01,0.000000000000000000e+00
2.609799999999999898e-01,1.017719999999999958e+00,0.000000000000000000e+00
-1.976269999999999971e-01,8.876209999999999933e-01,0.000000000000000000e+00
-3.028830000000000133e-01,7.573889999999999789e-01,0.000000000000000000e+00
1.083820000000000006e+00,9.844089999999999785e-01,0.000000000000000000e+00
-2.473920000000000008e-01,9.679940000000000211e-01,0.000000000000000000e+00
5.703150000000000164e-01,9.545029999999999903e-01,0.000000000000000000e+00
-9.592659999999999521e-01,9.269789999999999974e-01,0.000000000000000000e+00
1.838799999999999990e+00,9.527879999999999683e-01,0.000000000000000000e+00
1.739130000000000065e+00,8.929709999999999592e-01,0.000000000000000000e+00
6.553879999999999706e-01,1.041600000000000081e+00,0.000000000000000000e+00
1.987270000000000092e+00,9.469349999999999712e-01,0.000000000000000000e+00
4.744720000000000049e-01,1.050489999999999924e+00,0.000000000000000000e+00
-1.956169999999999964e+00,8.281020000000000048e-01,0.000000000000000000e+00
-6.791010000000000102e-02,1.061560000000000059e+00,0.000000000000000000e+00
4.245519999999999849e-01,9.894810000000000549e-01,0.000000000000000000e+00
-1.567960000000000020e+00,9.652469999999999661e-01,0.000000000000000000e+00
6.029149999999999787e-01,9.355160000000000142e-01,0.000000000000000000e+00
5.618039999999999701e-01,1.144810000000000105e+00,0.000000000000000000e+00
-1.047639999999999905e+00,8.693650000000000544e-01,0.000000000000000000e+00
1.345089999999999897e+00,9.527449999999999530e-01,0.000000000000000000e+00
1.182490000000000041e+00,9.458710000000000173e-01,0.000000000000000000e+00
-2.639400000000000079e-01,8.733859999999999957e-01,0.000000000000000000e+00
7.494690000000000518e-01,1.184409999999999963e+00,0.000000000000000000e+00
2.088579999999999881e+00,9.802060000000000217e-01,0.000000000000000000e+00
-1.416979999999999906e+00,8.551509999999999945e-01,0.000000000000000000e+00
-7.865259999999999474e-01,9.439840000000000453e-01,0.000000000000000000e+00
5.982809999999999517e-01,1.127459999999999907e+00,0.000000000000000000e+00
1.147759999999999891e+00,1.115259999999999918e+00,0.000000000000000000e+00
4.427180000000000004e-01,1.083220000000000072e+00,0.000000000000000000e+00
4.941960000000000242e-01,9.621830000000000105e-01,0.000000000000000000e+00
-3.620689999999999742e-01,7.077440000000000397e-01,0.000000000000000000e+00
-1.012610000000000010e+00,9.338419999999999499e-01,0.000000000000000000e+00
2.218589999999999840e+00,1.009169999999999900e+00,0.000000000000000000e+00
4.196860000000000035e-01,9.676249999999999574e-01,0.000000000000000000e+00
-2.840700000000000003e+00,1.035109999999999975e+00,0.000000000000000000e+00
-1.092989999999999934e-01,1.078600000000000003e+00,0.000000000000000000e+00
-1.091830000000000078e+00,1.070009999999999906e+00,0.000000000000000000e+00
1.882270000000000054e-01,9.202479999999999549e-01,0.000000000000000000e+00
2.447940000000000005e+00,1.153319999999999901e+00,0.000000000000000000e+00
7.532110000000000194e-02,9.893929999999999669e-01,0.000000000000000000e+00
-1.726979999999999960e+00,1.028289999999999926e+00,0.000000000000000000e+00
-2.077600000000000002e-01,1.063890000000000002e+00,0.000000000000000000e+00
7.348270000000000080e-01,9.278260000000000396e-01,0.000000000000000000e+00
-1.729770000000000030e+00,1.008930000000000105e+00,0.000000000000000000e+00
-5.760290000000000132e-01,8.023409999999999709e-01,0.000000000000000000e+00
-1.201570000000000027e+00,1.139739999999999975e+00,0.000000000000000000e+00
-1.936309999999999976e+00,1.082140000000000102e+00,0.000000000000000000e+00
9.989400000000000501e-01,1.158500000000000085e+00,0.000000000000000000e+00
1.042629999999999946e+00,1.017530000000000046e+00,0.000000000000000000e+00
8.104970000000000230e-01,8.178739999999999899e-01,0.000000000000000000e+00
1.210110000000000019e+00,1.140910000000000091e+00,0.000000000000000000e+00
-7.990070000000000228e-01,1.037420000000000009e+00,0.000000000000000000e+00
1.857880000000000087e-01,1.051039999999999974e+00,0.000000000000000000e+00
-9.139410000000000034e-01,1.156020000000000048e+00,0.000000000000000000e+00
-3.574769999999999892e-01,9.397969999999999935e-01,0.000000000000000000e+00
-5.049249999999999572e-01,8.760879999999999779e-01,0.000000000000000000e+00
1.213000000000000078e+00,1.042350000000000110e+00,0.000000000000000000e+00
-6.035179999999999989e-01,1.051800000000000068e+00,0.000000000000000000e+00
1.924600000000000088e+00,1.045350000000000001e+00,0.000000000000000000e+00
5.344529999999999559e-01,9.627179999999999627e-01,0.000000000000000000e+00
-1.788859999999999895e+00,1.164099999999999913e+00,0.000000000000000000e+00
3.102690000000000170e-01,8.055520000000000458e-01,0.000000000000000000e+00
-4.103120000000000100e-01,1.035099999999999909e+00,0.000000000000000000e+00
-8.303899999999999615e-01,1.021490000000000009e+00,0.000000000000000000e+00
6.010199999999999987e-01,1.085879999999999956e+00,0.000000000000000000e+00
-1.030489999999999906e+00,9.262110000000000065e-01,0.000000000000000000e+00
4.758120000000000127e-01,1.081579999999999986e+00,0.000000000000000000e+00
7.105850000000000222e-01,9.663359999999999728e-01,0.000000000000000000e+00
7.377399999999999514e-01,8.772809999999999775e-01,0.000000000000000000e+00
-3.169120000000000270e-01,1.029579999999999940e+00,0.000000000000000000e+00
-1.524520000000000097e+00,9.118680000000000119e-01,0.000000000000000000e+00
-1.981533174439452871e+00,-6.421882339684225061e-01,1.000000000000000000e+00
1.386307890118933628e+00,-5.625810392969384788e-01,1.000000000000000000e+00
2.627772765858567006e+00,5.276354250480748131e-01,1.000000000000000000e+00
7.272001155178191567e-01,3.004361788385669918e-01,1.000000000000000000e+00
1.837366332711654948e+00,1.016457754227289012e-01,1.000000000000000000e+00
-3.627661335065270443e+00,1.943770612036924694e-01,1.000000000000000000e+00
3.606535843281488241e+00,-6.380073244136963417e-02,1.000000000000000000e+00
-1.563798162406988101e+00,-2.612094424042250007e-01,1.000000000000000000e+00
2.996789112850239079e+00,-5.792591567222749038e-02,1.000000000000000000e+00
4.214863717526391440e+00,1.019731275336054122e+00,1.000000000000000000e+00
-2.663869132298720466e+00,7.785215367718456569e-01,1.000000000000000000e+00
-2.907645030032712796e+00,2.841844506146549154e-01,1.000000000000000000e+00
-4.499349026051970846e+00,4.890026764842514417e-01,1.000000000000000000e+00
4.546123096322611801e-01,7.051254240188353783e-02,1.000000000000000000e+00
4.769347281517767101e+00,1.613471429528646528e+00,1.000000000000000000e+00
5.717461196872291040e-01,-3.559209081008357645e-01,1.000000000000000000e+00
-2.395437495661854932e+00,1.206800138690842461e+00,1.000000000000000000e+00
2.744607481133400917e+00,-2.810027341735236717e-01,1.000000000000000000e+00
2.295033873696131543e+00,7.104349408977883584e-02,1.000000000000000000e+00
-4.273591325804696694e+00,-5.379142868746865647e-01,1.000000000000000000e+00
4.621780780654237475e+00,5.222074835889367606e-01,1.000000000000000000e+00
-1.921729024045843115e+00,-3.717715938280908849e-01,1.000000000000000000e+00
-1.339062521330148137e+00,2.529342700900172325e-01,1.000000000000000000e+00
4.581238073811103817e+00,-6.273082565032477298e-01,1.000000000000000000e+00
-3.565462397163424946e+00,2.470319187422028717e-01,1.000000000000000000e+00
-4.467783266339262482e+00,-3.046617140839070204e-01,1.000000000000000000e+00
-6.402007047296880415e-01,2.980564539290723181e-01,1.000000000000000000e+00
4.749665279116882743e+00,-3.667583040026812236e-01,1.000000000000000000e+00
4.598489761673489440e+00,9.286856768490121539e-01,1.000000000000000000e+00
-6.231127286444939628e-01,9.891648262344123754e-01,1.000000000000000000e+00
-3.045844215489876383e+00,1.291668061206028728e+00,1.000000000000000000e+00
-4.292432020809006765e+00,5.880823008627360515e-01,1.000000000000000000e+00
2.295374214883397990e+00,9.603229752789939067e-01,1.000000000000000000e+00
2.545314208828945546e+00,-6.496682568960331361e-01,1.000000000000000000e+00
2.684190088054687173e+00,1.143763813916726990e+00,1.000000000000000000e+00
-2.773921978673086208e+00,1.239947782774944995e+00,1.000000000000000000e+00
-6.665372449864834792e-01,-2.817999401049115504e-01,1.000000000000000000e+00
3.983064186249086092e+00,9.552516271243254309e-01,1.000000000000000000e+00
2.611376105857031504e+00,3.374293726346966338e-02,1.000000000000000000e+00
4.513317081824636645e+00,5.330084023566714624e-01,1.000000000000000000e+00
-1.564878703607795796e+00,-6.034227827658685817e-01,1.000000000000000000e+00
1.378110618858474190e+00,5.374994831257315919e-01,1.000000000000000000e+00
-3.363694206127217257e+00,7.944188468100219502e-01,1.000000000000000000e+00
1.475880739030805522e+00,-4.440947013544451760e-01,1.000000000000000000e+00
-8.733151650418569112e-01,-4.116393566821872629e-01,1.000000000000000000e+00
4.041280245789838688e+00,1.392875278384597237e+00,1.000000000000000000e+00
-9.666491688803917626e-01,4.755807241624379067e-01,1.000000000000000000e+00
-2.554654225754027674e+00,1.175794774206532001e+00,1.000000000000000000e+00
-2.472342273606008334e+00,1.377265932445220109e+00,1.000000000000000000e+00
3.949053816142940931e+00,-2.209793281347319782e-01,1.000000000000000000e+00
2.522298203369163772e-01,4.895870884399821099e-01,1.000000000000000000e+00
-3.177738136161702420e-01,4.992855775650742456e-01,1.000000000000000000e+00
1.958301959225227373e-01,4.798464390261357737e-01,1.000000000000000000e+00
2.048420605668610506e-01,5.051141526846791852e-01,1.000000000000000000e+00
-6.691380444600418531e-02,4.934571530889013680e-01,1.000000000000000000e+00
-3.355266547915927711e-01,4.925395747940217173e-01,1.000000000000000000e+00
-9.776309367149345342e-02,4.848912464821384383e-01,1.000000000000000000e+00
-4.194286539578937489e-01,5.100790515139459469e-01,1.000000000000000000e+00
-9.227189821057361907e-02,5.104442564002175109e-01,1.000000000000000000e+00
-1.300222150937858923e-01,4.936826282538652189e-01,1.000000000000000000e+00
2.152728771323138834e-01,5.059656040071018879e-01,1.000000000000000000e+00
-2.871813244147761873e-02,4.906522230495100612e-01,1.000000000000000000e+00
-2.686474367622770920e-01,4.943618770971782150e-01,1.000000000000000000e+00
6.040349954637451724e-01,5.062624632763107480e-01,1.000000000000000000e+00
-4.934937858948203471e-01,5.015100837997181760e-01,1.000000000000000000e+00
-2.281878806056920894e-01,4.962930966591107551e-01,1.000000000000000000e+00
3.555203346119630847e-01,5.110765173939114669e-01,1.000000000000000000e+00
-2.029925242247733186e-01,5.029869352777461833e-01,1.000000000000000000e+00
3.961317038863922807e-02,5.100195808007049747e-01,1.000000000000000000e+00
-2.508104815594463521e-01,5.106040046833125734e-01,1.000000000000000000e+00
2.217947079780513975e-01,5.009049055927096150e-01,1.000000000000000000e+00
-1.610541474410249196e-01,5.041244746567991042e-01,1.000000000000000000e+00
3.901458573364418592e-01,4.997682996769398645e-01,1.000000000000000000e+00
1.412597971586961321e-01,5.112880991589613400e-01,1.000000000000000000e+00
5.126221739653057802e-02,4.997569907713135251e-01,1.000000000000000000e+00
-4.925131626587696265e-02,4.999251518324616117e-01,1.000000000000000000e+00
2.057912950406246833e-01,5.049026185644165388e-01,1.000000000000000000e+00
1.897320554691862005e-01,5.001067095429729825e-01,1.000000000000000000e+00
-2.188658071019161377e-01,4.903860287104384041e-01,1.000000000000000000e+00
-1.211576777754990730e-01,4.955598279736853073e-01,1.000000000000000000e+00
1.469170061737924970e-01,4.832961686369104948e-01,1.000000000000000000e+00
7.843028637250316903e-02,4.910706987030091786e-01,1.000000000000000000e+00
2.927115342009729004e-01,4.971911525555116063e-01,1.000000000000000000e+00
6.453923013634709216e-01,5.091472558386543890e-01,1.000000000000000000e+00
-1.992375663760259652e-01,5.069038504849602278e-01,1.000000000000000000e+00
2.576261533230061324e-02,5.064509189467594208e-01,1.000000000000000000e+00
-3.812133899327939668e-01,4.867835349005485979e-01,1.000000000000000000e+00
-3.122424007147298411e-02,4.902255477153174557e-01,1.000000000000000000e+00
-2.122278028526059790e-01,4.929880865839154080e-01,1.000000000000000000e+00
1.405552304640025063e-01,5.204201036752736931e-01,1.000000000000000000e+00
3.820482766572095429e-02,4.979007253823267698e-01,1.000000000000000000e+00
-6.531042237018478414e-01,4.884456999516090803e-01,1.000000000000000000e+00
-1.832603323674809881e-01,5.050857635974609350e-01,1.000000000000000000e+00
-4.956263565260470710e-02,5.239751030699435486e-01,1.000000000000000000e+00
-2.969473409612359283e-01,4.906875715454373510e-01,1.000000000000000000e+00
7.560721890342073648e-01,4.965694970660715635e-01,1.000000000000000000e+00
-3.784056332716780047e-02,4.978359927475204394e-01,1.000000000000000000e+00
1.563892271570484493e-01,5.052396313463398680e-01,1.000000000000000000e+00
2.414132577500004428e-01,5.010428725222514368e-01,1.000000000000000000e+00
6.421462060325513477e-01,4.898982582718442447e-01,1.000000000000000000e+00
